method_id,model_label,score_col,threshold_mode,threshold_strategy,split,global_threshold,complaint_category,rows,positive_rows,positive_share,predicted_positive_rows,predicted_positive_share,accuracy,balanced_accuracy,precision,recall,specificity,npv,f1,f2,roc_auc,pr_auc,tn,fp,fn,tp
lgbm_global,Tuned LightGBM,lgbm_score,global,best_f1,validation,0.335,environment,13624,1495,0.10973282442748092,3266,0.2397240164415737,0.7712125660598943,0.6741661200070259,0.2516840171463564,0.5498327759197325,0.7984994640943194,0.9350260668082642,0.34530560806553245,0.4445165476963011,0.7561021692392069,0.27655137242826794,9685,2444,673,822
lgbm_global,Tuned LightGBM,lgbm_score,global,best_f1,validation,0.335,housing,13624,1626,0.11934820904286553,2977,0.21851145038167938,0.7907369348209042,0.6818164343503745,0.2942559623782331,0.5387453874538746,0.8248874812468745,0.9295576218653142,0.38062133391266567,0.4619765847484443,0.7767757315846204,0.3689682897973823,9897,2101,750,876
lgbm_global,Tuned LightGBM,lgbm_score,global,best_f1,validation,0.335,infrastructure,13624,1734,0.12727539635936583,3869,0.283984145625367,0.7314298297122724,0.6584517535307796,0.25122770741793743,0.5605536332179931,0.756349873843566,0.9218862121988723,0.346956987328217,0.44979176307265156,0.7292890519884796,0.2807341678219692,8993,2897,762,972
lgbm_global,Tuned LightGBM,lgbm_score,global,best_f1,validation,0.335,noise,13624,1884,0.138285378743394,3640,0.26717557251908397,0.7571931884908985,0.6862187451397403,0.30439560439560437,0.5881104033970276,0.7843270868824531,0.9222756410256411,0.4011585807385952,0.49570508231925553,0.7612193781037844,0.33917426274125845,9208,2532,776,1108
lgbm_global,Tuned LightGBM,lgbm_score,global,best_f1,validation,0.335,other,13624,1802,0.13226658837345862,3518,0.25822078684674105,0.7593951849677041,0.6776881492790487,0.29022171688459353,0.5665926748057714,0.7887836237523261,0.922719176726697,0.3838345864661654,0.47594629871340666,0.7568612085558424,0.3148670732134175,9325,2497,781,1021
lgbm_global,Tuned LightGBM,lgbm_score,global,best_f1,validation,0.335,parking_traffic,13624,1884,0.138285378743394,3302,0.24236641221374045,0.7615971814445097,0.6578044466628328,0.2934585099939431,0.5143312101910829,0.8012776831345826,0.9113543886843635,0.37369841881989974,0.4470381989296918,0.7344583364981535,0.3108517957992019,9407,2333,915,969
lgbm_global,Tuned LightGBM,lgbm_score,global,best_f1,validation,0.335,public_safety,13624,1839,0.13498238402818555,3523,0.258587786259542,0.7626247798003524,0.6849601213328433,0.30201532784558616,0.5785753126699293,0.7913449299957573,0.9232749232749232,0.3968668407310705,0.4890155345160401,0.7718189521661323,0.3139781926144959,9326,2459,775,1064
lgbm_global,Tuned LightGBM,lgbm_score,global,best_f1,validation,0.335,sanitation,13624,1651,0.12118320610687022,3391,0.24889900176159718,0.7596887844979449,0.6630226408368962,0.26069006192863464,0.5354330708661418,0.7906122108076505,0.9250464184501124,0.35065450218167393,0.44222111055527763,0.7455562619366216,0.2721653832608339,9466,2507,767,884
lgbm_global,Tuned LightGBM,lgbm_score,global,best_f1,validation,0.335,water_sewer,13624,1659,0.12177040516735173,3524,0.25866118614210215,0.7653405754550793,0.6935098528030444,0.2817820658342792,0.5985533453887885,0.7884663602173004,0.9340594059405941,0.3831757669303492,0.48868110236220474,0.7848008570305142,0.3513821505691958,9434,2531,666,993
lgbm_global,Tuned LightGBM,lgbm_score,global,best_f1,test,0.335,environment,27510,2896,0.10527081061432206,6545,0.23791348600508905,0.7784442021083242,0.6898786181291068,0.2556149732620321,0.5776933701657458,0.8020638660924677,0.9416646792272836,0.35441160893973095,0.4614154117711953,0.7799662142597732,0.29618061363228854,19742,4872,1223,1673
lgbm_global,Tuned LightGBM,lgbm_score,global,best_f1,test,0.335,housing,27510,3720,0.13522355507088332,6377,0.23180661577608141,0.7812068338785896,0.6828863781203813,0.3197428257801474,0.5481182795698925,0.8176544766708701,0.9204561586144892,0.4038823412894919,0.4796067177870819,0.7756414324262024,0.3742319478383937,19452,4338,1681,2039
lgbm_global,Tuned LightGBM,lgbm_score,global,best_f1,test,0.335,infrastructure,27510,3596,0.1307161032351872,7561,0.2748455107233733,0.7402762631770266,0.6627756691734555,0.2653088215844465,0.5578420467185762,0.7677092916283349,0.9202967567296606,0.35959487317379224,0.45705172020961493,0.7386460735321219,0.2798861718885566,18359,5555,1590,2006
lgbm_global,Tuned LightGBM,lgbm_score,global,best_f1,test,0.335,noise,27510,3982,0.14474736459469284,7553,0.27455470737913484,0.7670301708469648,0.7157793417881315,0.33933536343174897,0.643646408839779,0.7879122747364842,0.9288971288269781,0.44438664932813177,0.5457604020271709,0.7980553663707015,0.40961405415162555,18538,4990,1419,2563
lgbm_global,Tuned LightGBM,lgbm_score,global,best_f1,test,0.335,other,27510,3620,0.13158851326790258,6464,0.23496910214467467,0.769611050527081,0.6626154289110542,0.28975866336633666,0.5174033149171271,0.8078275429049812,0.916991352275967,0.371479571598572,0.44714476699770817,0.7538069628522995,0.31669167034607276,19299,4591,1747,1873
lgbm_global,Tuned LightGBM,lgbm_score,global,best_f1,test,0.335,parking_traffic,27510,3586,0.13035259905488913,6436,0.23395129043984006,0.769611050527081,0.6608197524173267,0.2862026103169671,0.5136642498605689,0.8079752549740846,0.9172439973426971,0.3675912991418879,0.44321462945139556,0.7444755459587449,0.3113480898963874,19330,4594,1744,1842
lgbm_global,Tuned LightGBM,lgbm_score,global,best_f1,test,0.335,public_safety,27510,3536,0.12853507815339876,6750,0.24536532170119957,0.774336604870956,0.6900678624505356,0.30207407407407405,0.5766402714932126,0.8034954534078586,0.9278901734104046,0.3964612094108497,0.48793912127883604,0.7820224478667879,0.31817008675843966,19263,4711,1497,2039
lgbm_global,Tuned LightGBM,lgbm_score,global,best_f1,test,0.335,sanitation,27510,3172,0.1153035259905489,5942,0.21599418393311523,0.7757179207560887,0.6401985613082339,0.24772803769774487,0.4640605296343001,0.8163365929821678,0.921179525222552,0.3230195303928023,0.3950617283950617,0.7295408261975084,0.24885712595649573,19868,4470,1700,1472
lgbm_global,Tuned LightGBM,lgbm_score,global,best_f1,test,0.335,water_sewer,27510,3462,0.12584514721919302,6969,0.2533260632497274,0.7695019992729917,0.6929709327733902,0.29344238771703257,0.5906990179087233,0.7952428476380572,0.9310160167469939,0.392100469753619,0.49118508910986214,0.777601966777018,0.35256354224080966,19124,4924,1417,2045
lgbm_per_category,Tuned LightGBM,lgbm_score,per_category,best_f1,validation,,environment,13624,1495,0.10973282442748092,2974,0.21829125073399883,0.7854521432765708,0.66779547401664,0.2599193006052455,0.517056856187291,0.8185340918459889,0.932206572769953,0.3459386887446856,0.4316506589233862,0.7561021692392069,0.27655137242826794,9928,2201,722,773
lgbm_per_category,Tuned LightGBM,lgbm_score,per_category,best_f1,validation,,housing,13624,1626,0.11934820904286553,2803,0.2057398708162067,0.7991045214327657,0.6785923422661464,0.3018194791295041,0.5202952029520295,0.8368894815802633,0.9279179373440533,0.3820275457213818,0.454496615450736,0.7767757315846204,0.3689682897973823,10041,1957,780,846
lgbm_per_category,Tuned LightGBM,lgbm_score,per_category,best_f1,validation,,infrastructure,13624,1734,0.12727539635936583,2954,0.21682325308279507,0.7775983558426307,0.6496818684927095,0.2806364251861882,0.47808535178777395,0.8212783851976451,0.915182755388941,0.3536689419795222,0.4191102123356926,0.7292890519884796,0.2807341678219692,9765,2125,905,829
lgbm_per_category,Tuned LightGBM,lgbm_score,per_category,best_f1,validation,,noise,13624,1884,0.138285378743394,3196,0.23458602466236053,0.7768643570170288,0.6780260202476156,0.3191489361702128,0.5414012738853503,0.8146507666098808,0.9171461449942463,0.4015748031496063,0.4752143123369363,0.7612193781037844,0.33917426274125845,9564,2176,864,1020
lgbm_per_category,Tuned LightGBM,lgbm_score,per_category,best_f1,validation,,other,13624,1802,0.13226658837345862,3613,0.2651937756899589,0.7553581914268938,0.6800654867399538,0.288126210905065,0.5776914539400666,0.7824395195398409,0.9239836180201778,0.3844875346260388,0.48100914887718327,0.7568612085558424,0.3148670732134175,9250,2572,761,1041
lgbm_per_category,Tuned LightGBM,lgbm_score,per_category,best_f1,validation,,parking_traffic,13624,1884,0.138285378743394,2954,0.21682325308279507,0.7781855549031121,0.6538386556567093,0.3073798239675017,0.4819532908704883,0.8257240204429301,0.9085285848172446,0.3753617197188921,0.432793136320305,0.7344583364981535,0.3108517957992019,9694,2046,976,908
lgbm_per_category,Tuned LightGBM,lgbm_score,per_category,best_f1,validation,,public_safety,13624,1839,0.13498238402818555,3424,0.25132119788608337,0.7676893716970052,0.6844456702617565,0.30636682242990654,0.5704187058183795,0.7984726347051336,0.9225490196078432,0.39863195895876874,0.4865491651205937,0.7718189521661323,0.3139781926144959,9410,2375,790,1049
lgbm_per_category,Tuned LightGBM,lgbm_score,per_category,best_f1,validation,,sanitation,13624,1651,0.12118320610687022,3827,0.2809013505578391,0.7400176159718145,0.6737620275541227,0.2529396394042331,0.5863113264688068,0.7612127286394388,0.9302847810554251,0.3534136546184739,0.4640015338893682,0.7455562619366216,0.2721653832608339,9114,2859,683,968
lgbm_per_category,Tuned LightGBM,lgbm_score,per_category,best_f1,validation,,water_sewer,13624,1659,0.12177040516735173,2954,0.21682325308279507,0.7924985320023488,0.683011833540009,0.3023019634394042,0.5382760699216396,0.8277475971583786,0.9282099343955014,0.38716670279644483,0.46558915537017725,0.7848008570305142,0.3513821505691958,9904,2061,766,893
lgbm_per_category,Tuned LightGBM,lgbm_score,per_category,best_f1,test,,environment,27510,2896,0.10527081061432206,5970,0.21701199563794984,0.7929480189022173,0.6845779919302091,0.26549413735343386,0.5473066298342542,0.821849354026164,0.9391364902506963,0.35754568012632526,0.45146405377691695,0.7799662142597732,0.29618061363228854,20229,4385,1311,1585
lgbm_per_category,Tuned LightGBM,lgbm_score,per_category,best_f1,test,,housing,27510,3720,0.13522355507088332,6030,0.21919302071973829,0.7885859687386405,0.6789886981518394,0.3262023217247098,0.5287634408602151,0.8292139554434637,0.9183891992551211,0.4034871794871795,0.47034911525585843,0.7756414324262024,0.3742319478383937,19727,4063,1753,1967
lgbm_per_category,Tuned LightGBM,lgbm_score,per_category,best_f1,test,,infrastructure,27510,3596,0.1307161032351872,5892,0.21417666303162486,0.776590330788804,0.6440877479674805,0.2836048879837067,0.4646829810901001,0.8234925148448607,0.9109538347673235,0.3522344013490725,0.412063523377392,0.7386460735321219,0.2798861718885566,19693,4221,1925,1671
lgbm_per_category,Tuned LightGBM,lgbm_score,per_category,best_f1,test,,noise,27510,3982,0.14474736459469284,6752,0.2454380225372592,0.7839331152308252,0.7081364717392837,0.3547097156398104,0.6014565544952285,0.814816388983339,0.9235475479333269,0.44624557480901805,0.5279982363315696,0.7980553663707015,0.40961405415162555,19171,4357,1587,2395
lgbm_per_category,Tuned LightGBM,lgbm_score,per_category,best_f1,test,,other,27510,3620,0.13158851326790258,6638,0.24129407488186114,0.7659760087241003,0.664858617651344,0.28773727026212714,0.5276243093922652,0.8020929259104228,0.9180720582598697,0.3723922791967245,0.4522208542475613,0.7538069628522995,0.31669167034607276,19162,4728,1710,1910
lgbm_per_category,Tuned LightGBM,lgbm_score,per_category,best_f1,test,,parking_traffic,27510,3586,0.13035259905488913,5766,0.20959651035986915,0.7849509269356597,0.6549414286717383,0.29795352063822406,0.47908533184606805,0.8307975254974085,0.9140912435614422,0.36740804106073566,0.42715067130780704,0.7444755459587449,0.3113480898963874,19876,4048,1868,1718
lgbm_per_category,Tuned LightGBM,lgbm_score,per_category,best_f1,test,,public_safety,27510,3536,0.12853507815339876,6557,0.23834969102144674,0.7785896037804435,0.6879272280075663,0.30517004727771846,0.565893665158371,0.8099607908567615,0.9267408008399752,0.3965124343604478,0.48330998502487804,0.7820224478667879,0.31817008675843966,19418,4556,1535,2001
lgbm_per_category,Tuned LightGBM,lgbm_score,per_category,best_f1,test,,sanitation,27510,3172,0.1153035259905489,6752,0.2454380225372592,0.7555797891675754,0.6463640944881237,0.23696682464454977,0.5044136191677175,0.7883145698085299,0.924270160901821,0.32245062474808545,0.411522633744856,0.7295408261975084,0.24885712595649573,19186,5152,1572,1600
lgbm_per_category,Tuned LightGBM,lgbm_score,per_category,best_f1,test,,water_sewer,27510,3462,0.12584514721919302,5907,0.21472191930207196,0.7937113776808433,0.6823388174546343,0.3126798713390892,0.5335066435586366,0.8311709913506321,0.9252418645558487,0.39427900523001386,0.4674765882055176,0.777601966777018,0.35256354224080966,19988,4060,1615,1847
xgb_global,Tuned XGBoost,xgb_score,global,best_f1,validation,0.345,environment,13624,1495,0.10973282442748092,2714,0.19920728126834997,0.7993981209630064,0.6653650790236838,0.27192336035372144,0.4936454849498328,0.8370846730975349,0.9306141154903758,0.35067712045616534,0.4244306418219462,0.7620319580121276,0.2793522065035109,10153,1976,757,738
xgb_global,Tuned XGBoost,xgb_score,global,best_f1,validation,0.345,housing,13624,1626,0.11934820904286553,2892,0.21227246036406341,0.7952143276570758,0.6811685711456215,0.2987551867219917,0.5313653136531366,0.8309718286381064,0.928997390980246,0.38247011952191234,0.45977011494252873,0.7783158868011417,0.3638663653932517,9970,2028,762,864
xgb_global,Tuned XGBoost,xgb_score,global,best_f1,validation,0.345,infrastructure,13624,1734,0.12727539635936583,3491,0.25623899001761596,0.7513945977686436,0.6568361169233933,0.2632483529074764,0.5299884659746251,0.7836837678721614,0.9195697226882463,0.3517703349282297,0.44068284262012086,0.7312413482683926,0.28131485737538897,9318,2572,815,919
xgb_global,Tuned XGBoost,xgb_score,global,best_f1,validation,0.345,noise,13624,1884,0.138285378743394,3569,0.2619641808573106,0.7610833822665883,0.6864707552526974,0.30792939198655084,0.5833333333333334,0.7896081771720613,0.921929388363998,0.4030808729139923,0.494822152183701,0.7629777522180868,0.34080424336549,9270,2470,785,1099
xgb_global,Tuned XGBoost,xgb_score,global,best_f1,validation,0.345,other,13624,1802,0.13226658837345862,3239,0.23774221961244862,0.7701849677040516,0.6683837916891906,0.29484408768138315,0.5299667036625971,0.8068008797157842,0.918440057775638,0.37889307677048206,0.45706901502823777,0.7567795543251534,0.31578652842496313,9538,2284,847,955
xgb_global,Tuned XGBoost,xgb_score,global,best_f1,validation,0.345,parking_traffic,13624,1884,0.138285378743394,3149,0.23113623018203172,0.7693041691133294,0.6569290573899457,0.3000952683391553,0.5015923566878981,0.8122657580919932,0.9103579952267303,0.37552155771905427,0.4422087037903603,0.7381483360279516,0.31513874691474264,9536,2204,939,945
xgb_global,Tuned XGBoost,xgb_score,global,best_f1,validation,0.345,public_safety,13624,1839,0.13498238402818555,3013,0.22115384615384615,0.7883147386964181,0.6814526996396143,0.32658479920345174,0.5350734094616639,0.8278319898175647,0.9194232400339271,0.40560593569661996,0.47449127206095093,0.7767153617595292,0.3260982146112491,9756,2029,855,984
xgb_global,Tuned XGBoost,xgb_score,global,best_f1,validation,0.345,sanitation,13624,1651,0.12118320610687022,2938,0.21564885496183206,0.7797269524368761,0.6509255404713098,0.2702518720217835,0.4809206541490006,0.8209304267936189,0.9198016095826315,0.3460448899542384,0.4160553343114651,0.7451860315833784,0.2750082904793994,9829,2144,857,794
xgb_global,Tuned XGBoost,xgb_score,global,best_f1,validation,0.345,water_sewer,13624,1659,0.12177040516735173,3107,0.22805343511450382,0.7862595419847328,0.6882861329268837,0.2983585452204699,0.5587703435804702,0.8178019222732971,0.9303984025862889,0.3890054553084347,0.4757261623729857,0.784922217629428,0.35048289933350857,9785,2180,732,927
xgb_global,Tuned XGBoost,xgb_score,global,best_f1,test,0.345,environment,27510,2896,0.10527081061432206,5473,0.1989458378771356,0.8062886223191567,0.6821311098611176,0.277727023570254,0.5248618784530387,0.8394003412691964,0.9375595589236284,0.363245310072888,0.4455648707275605,0.7823878024768729,0.2981621922184238,20661,3953,1376,1520
xgb_global,Tuned XGBoost,xgb_score,global,best_f1,test,0.345,housing,27510,3720,0.13522355507088332,6172,0.22435478007997092,0.7855325336241367,0.6805116001572902,0.3233959818535321,0.5365591397849462,0.8244640605296343,0.9192051738682163,0.4035584310553983,0.4740642219266578,0.7794179921083676,0.3928383048668021,19614,4176,1724,1996
xgb_global,Tuned XGBoost,xgb_score,global,best_f1,test,0.345,infrastructure,27510,3596,0.1307161032351872,6930,0.25190839694656486,0.7564521992002908,0.6610932756541492,0.27604617604617604,0.5319799777530589,0.7902065735552396,0.9182215743440233,0.3634809044271328,0.448766069250258,0.7433612047266516,0.2810670787365659,18897,5017,1683,1913
xgb_global,Tuned XGBoost,xgb_score,global,best_f1,test,0.345,noise,27510,3982,0.14474736459469284,7459,0.271137768084333,0.7687749909123955,0.7144001863366447,0.34052822094114493,0.6378704168759417,0.7909299557973478,0.9280833873622263,0.4440171313696355,0.5430367298071578,0.8007593056035397,0.41551905658678756,18609,4919,1442,2540
xgb_global,Tuned XGBoost,xgb_score,global,best_f1,test,0.345,other,27510,3620,0.13158851326790258,5850,0.21264994547437296,0.7830607051981098,0.6560617956610524,0.2993162393162393,0.4837016574585635,0.8284219338635412,0.9137119113573408,0.36979936642027456,0.4306443679291687,0.7543394448311668,0.31573339377176357,19791,4099,1869,1751
xgb_global,Tuned XGBoost,xgb_score,global,best_f1,test,0.345,parking_traffic,27510,3586,0.13035259905488913,6265,0.227735368956743,0.7740094511086878,0.6603853036008338,0.29002394253790903,0.5066926938092582,0.8140779133924093,0.9167333490232996,0.36889655872500254,0.4408268232325683,0.7471979496701444,0.3174554090896322,19476,4448,1769,1817
xgb_global,Tuned XGBoost,xgb_score,global,best_f1,test,0.345,public_safety,27510,3536,0.12853507815339876,5789,0.2104325699745547,0.7961105052708106,0.6807415943063507,0.3209535325617551,0.5254524886877828,0.8360306999249186,0.9227475714746098,0.39849865951742625,0.46606130537299956,0.7848959062740292,0.32437454080356803,20043,3931,1678,1858
xgb_global,Tuned XGBoost,xgb_score,global,best_f1,test,0.345,sanitation,27510,3172,0.1153035259905489,5005,0.18193384223918574,0.797928026172301,0.6304060526525497,0.26153846153846155,0.4126733921815889,0.8481387131235105,0.9172183959120196,0.3201663201663202,0.36992030746622956,0.7322448628846976,0.2511089597188291,20642,3696,1863,1309
xgb_global,Tuned XGBoost,xgb_score,global,best_f1,test,0.345,water_sewer,27510,3462,0.12584514721919302,6312,0.22944383860414394,0.7852417302798982,0.6881268154044309,0.30624207858048164,0.5583477758521086,0.8179058549567532,0.9278705538258326,0.39553918559443424,0.47941468253968256,0.7799516146793646,0.3633356133139798,19669,4379,1529,1933
xgb_per_category,Tuned XGBoost,xgb_score,per_category,best_f1,validation,,environment,13624,1495,0.10973282442748092,2388,0.1752789195537287,0.8149588960657663,0.6573906591102173,0.2851758793969849,0.45551839464882943,0.8592629235716053,0.9275542897828408,0.35075972186453774,0.4069072657743786,0.7620319580121276,0.2793522065035109,10422,1707,814,681
xgb_per_category,Tuned XGBoost,xgb_score,per_category,best_f1,validation,,housing,13624,1626,0.11934820904286553,2552,0.18731650029359953,0.8113623018203171,0.6743869980790156,0.31504702194357365,0.4944649446494465,0.8543090515085847,0.9257586705202312,0.3848731450454763,0.44390459363957596,0.7783158868011417,0.3638663653932517,10250,1748,822,804
xgb_per_category,Tuned XGBoost,xgb_score,per_category,best_f1,validation,,infrastructure,13624,1734,0.12727539635936583,4112,0.3018203170874927,0.7221080446271286,0.6673964435623356,0.2504863813229572,0.5940023068050749,0.7407905803195963,0.9259882253994953,0.35237769414984604,0.4661477190441709,0.7312413482683926,0.28131485737538897,8808,3082,704,1030
xgb_per_category,Tuned XGBoost,xgb_score,per_category,best_f1,validation,,noise,13624,1884,0.138285378743394,3411,0.25036699941280094,0.7694509688784498,0.686424277607179,0.31574318381706246,0.571656050955414,0.8011925042589437,0.9209830608048566,0.4067988668555241,0.4919155933132365,0.7629777522180868,0.34080424336549,9406,2334,807,1077
xgb_per_category,Tuned XGBoost,xgb_score,per_category,best_f1,validation,,other,13624,1802,0.13226658837345862,3827,0.2809013505578391,0.7450822078684675,0.6828458144684444,0.2816827802456232,0.5982241953385128,0.7674674335983759,0.9260998264774931,0.38301652158465094,0.48844585410058905,0.7567795543251534,0.31578652842496313,9073,2749,724,1078
xgb_per_category,Tuned XGBoost,xgb_score,per_category,best_f1,validation,,parking_traffic,13624,1884,0.138285378743394,2982,0.21887844979448032,0.777745155607751,0.656033955808259,0.30818242790073774,0.487791932059448,0.8242759795570699,0.9093215560984778,0.3777229757501028,0.4368701274006465,0.7381483360279516,0.31513874691474264,9677,2063,965,919
xgb_per_category,Tuned XGBoost,xgb_score,per_category,best_f1,validation,,public_safety,13624,1839,0.13498238402818555,3022,0.22181444509688786,0.7879477392836172,0.6816994857334937,0.32627399073461283,0.5361609570418706,0.8272380144251167,0.9195434823618185,0.4056778440650072,0.4750433609558682,0.7767153617595292,0.3260982146112491,9749,2036,853,986
xgb_per_category,Tuned XGBoost,xgb_score,per_category,best_f1,validation,,sanitation,13624,1651,0.12118320610687022,3156,0.23165002935995302,0.7706253669994128,0.6580182707680207,0.2664765525982256,0.5093882495457298,0.8066482919903115,0.9226213221245702,0.34990638651965883,0.43084016393442626,0.7451860315833784,0.2750082904793994,9658,2315,810,841
xgb_per_category,Tuned XGBoost,xgb_score,per_category,best_f1,validation,,water_sewer,13624,1659,0.12177040516735173,3223,0.2365678214914856,0.7821491485613623,0.6937339089523467,0.29692832764505117,0.5768535262206148,0.8106142916840786,0.9325064897605999,0.39205243752560426,0.485343341109646,0.784922217629428,0.35048289933350857,9699,2266,702,957
xgb_per_category,Tuned XGBoost,xgb_score,per_category,best_f1,test,,environment,27510,2896,0.10527081061432206,4766,0.1732460923300618,0.8215921483097056,0.6688987777920934,0.28892152748636174,0.4754834254143646,0.8623141301698221,0.9332131551178333,0.3594361785434612,0.42110091743119266,0.7823878024768729,0.2981621922184238,21225,3389,1519,1377
xgb_per_category,Tuned XGBoost,xgb_score,per_category,best_f1,test,,housing,27510,3720,0.13522355507088332,5508,0.20021810250817884,0.8002181025081788,0.674261684904202,0.33877995642701525,0.5016129032258064,0.8469104665825977,0.915734933187892,0.4044213263979194,0.4576221306650971,0.7794179921083676,0.3928383048668021,20148,3642,1854,1866
xgb_per_category,Tuned XGBoost,xgb_score,per_category,best_f1,test,,infrastructure,27510,3596,0.1307161032351872,8099,0.29440203562340966,0.729807342784442,0.6715209827242465,0.2631189035683418,0.592602892102336,0.7504390733461571,0.9245273298645098,0.3644292432663531,0.4739136236267402,0.7433612047266516,0.2810670787365659,17946,5968,1465,2131
xgb_per_category,Tuned XGBoost,xgb_score,per_category,best_f1,test,,noise,27510,3982,0.14474736459469284,7196,0.26157760814249365,0.7750636132315522,0.7133825373821776,0.34672040022234574,0.6265695630336514,0.8001955117307038,0.9267992517475633,0.4464125961710503,0.5394827884449057,0.8007593056035397,0.41551905658678756,18827,4701,1487,2495
xgb_per_category,Tuned XGBoost,xgb_score,per_category,best_f1,test,,other,27510,3620,0.13158851326790258,6924,0.25169029443838603,0.7586332242820792,0.6655529834022882,0.28191796649335643,0.5392265193370166,0.7918794474675597,0.9189740600408044,0.37025796661608495,0.4559895346664175,0.7543394448311668,0.31573339377176357,18918,4972,1668,1952
xgb_per_category,Tuned XGBoost,xgb_score,per_category,best_f1,test,,parking_traffic,27510,3586,0.13035259905488913,5862,0.21308615049073065,0.7829153035259906,0.6561416879422876,0.2964858410098942,0.48466257668711654,0.8276207991974586,0.9146341463414634,0.3679085520745131,0.43007027615559734,0.7471979496701444,0.3174554090896322,19800,4124,1848,1738
xgb_per_category,Tuned XGBoost,xgb_score,per_category,best_f1,test,,public_safety,27510,3536,0.12853507815339876,5799,0.21079607415485277,0.7958197019265721,0.6806952936759921,0.32057251250215557,0.5257352941176471,0.8356552932343372,0.9227580489152964,0.3982860203535083,0.46607832322118037,0.7848959062740292,0.32437454080356803,20034,3940,1677,1859
xgb_per_category,Tuned XGBoost,xgb_score,per_category,best_f1,test,,sanitation,27510,3172,0.1153035259905489,5419,0.196982915303526,0.7876772082878953,0.6336602697176595,0.2537368518176785,0.43348045397225726,0.8338400854630619,0.9186546557421574,0.3201024327784891,0.379687413707406,0.7322448628846976,0.2511089597188291,20294,4044,1797,1375
xgb_per_category,Tuned XGBoost,xgb_score,per_category,best_f1,test,,water_sewer,27510,3462,0.12584514721919302,6519,0.23696837513631408,0.780189022173755,0.6894402990668,0.3017333946924375,0.5681686886192953,0.8107119095143047,0.9287790005240341,0.3941488828774672,0.4828889870869544,0.7799516146793646,0.3633356133139798,19496,4552,1495,1967
ensemble_lgbm_w0p500_global,Ensemble LGBM(0.50) + XGB(0.50),ensemble_lgbm_w0p500_score,global,best_f1,validation,0.353894,environment,13624,1495,0.10973282442748092,2720,0.1996476805637111,0.7986641221374046,0.6643663945914751,0.27058823529411763,0.49230769230769234,0.8364250968752577,0.9303925165077036,0.34922894424673784,0.42298850574712643,0.760040103999067,0.2790656921872101,10145,1984,759,736
ensemble_lgbm_w0p500_global,Ensemble LGBM(0.50) + XGB(0.50),ensemble_lgbm_w0p500_score,global,best_f1,validation,0.353894,housing,13624,1626,0.11934820904286553,2695,0.1978126834997064,0.8036553141514974,0.6750620285832797,0.3053803339517625,0.506150061500615,0.8439739956659443,0.92652575715985,0.380930340199028,0.4473312316556147,0.7787063526577923,0.3694693321365525,10126,1872,803,823
ensemble_lgbm_w0p500_global,Ensemble LGBM(0.50) + XGB(0.50),ensemble_lgbm_w0p500_score,global,best_f1,validation,0.353894,infrastructure,13624,1734,0.12727539635936583,3349,0.24581620669406928,0.7581473869641808,0.6545474519892556,0.26694535682293224,0.5155709342560554,0.7935239697224559,0.9182481751824818,0.35176077119811133,0.43461351482741856,0.7313292842986895,0.28214419590626405,9435,2455,840,894
ensemble_lgbm_w0p500_global,Ensemble LGBM(0.50) + XGB(0.50),ensemble_lgbm_w0p500_score,global,best_f1,validation,0.353894,noise,13624,1884,0.138285378743394,3393,0.24904580152671757,0.769157369348209,0.683803083077435,0.31417624521072796,0.5658174097664543,0.8017887563884156,0.9200469162349721,0.40401743414819025,0.48769329307347425,0.76298860303027,0.34187926879304514,9413,2327,818,1066
ensemble_lgbm_w0p500_global,Ensemble LGBM(0.50) + XGB(0.50),ensemble_lgbm_w0p500_score,global,best_f1,validation,0.353894,other,13624,1802,0.13226658837345862,3137,0.23025543159130946,0.7760569583088667,0.6691803839828339,0.30092445011157154,0.5238623751387348,0.8144983928269328,0.9181844188042338,0.3822636161166228,0.45625906234896085,0.7576555946127265,0.31641362046601423,9629,2193,858,944
ensemble_lgbm_w0p500_global,Ensemble LGBM(0.50) + XGB(0.50),ensemble_lgbm_w0p500_score,global,best_f1,validation,0.353894,parking_traffic,13624,1884,0.138285378743394,2960,0.2172636523781562,0.7778919553728714,0.6538911012489285,0.3070945945945946,0.482484076433121,0.825298126064736,0.9085708927231808,0.3753096614368291,0.4330221036585366,0.7374297862028305,0.31433691279368364,9689,2051,975,909
ensemble_lgbm_w0p500_global,Ensemble LGBM(0.50) + XGB(0.50),ensemble_lgbm_w0p500_score,global,best_f1,validation,0.353894,public_safety,13624,1839,0.13498238402818555,3010,0.2209336465061656,0.7875073399882561,0.6793797841192675,0.3245847176079734,0.5312669929309407,0.8274925753075943,0.9187865083851516,0.40296968447102494,0.4712521705575921,0.7752196493132002,0.3206724588368316,9752,2033,862,977
ensemble_lgbm_w0p500_global,Ensemble LGBM(0.50) + XGB(0.50),ensemble_lgbm_w0p500_score,global,best_f1,validation,0.353894,sanitation,13624,1651,0.12118320610687022,2874,0.21095126247798004,0.7826629477392836,0.6494629320169857,0.2720946416144746,0.47365233192004846,0.825273532113923,0.9191627906976744,0.3456353591160221,0.41253428993458535,0.7464761592849002,0.2749453707792391,9881,2092,869,782
ensemble_lgbm_w0p500_global,Ensemble LGBM(0.50) + XGB(0.50),ensemble_lgbm_w0p500_score,global,best_f1,validation,0.353894,water_sewer,13624,1659,0.12177040516735173,3053,0.22408984145625366,0.7881679389312977,0.685738265641676,0.2990501146413364,0.5503315250150693,0.8211450062682825,0.9294295714691136,0.3875212224108659,0.47115285375167715,0.7858500292318338,0.35198461053437785,9825,2140,746,913
ensemble_lgbm_w0p500_global,Ensemble LGBM(0.50) + XGB(0.50),ensemble_lgbm_w0p500_score,global,best_f1,test,0.353894,environment,27510,2896,0.10527081061432206,5501,0.1999636495819702,0.8045438022537259,0.6796326721036898,0.2744955462643156,0.5214088397790055,0.8378565044283741,0.9370257621881958,0.3596522567583661,0.44190810652619256,0.7822987058301725,0.2989761929586065,20623,3991,1386,1510
ensemble_lgbm_w0p500_global,Ensemble LGBM(0.50) + XGB(0.50),ensemble_lgbm_w0p500_score,global,best_f1,test,0.353894,housing,27510,3720,0.13522355507088332,5788,0.2103962195565249,0.7951290439840059,0.6792566678870222,0.3344851416724257,0.5204301075268817,0.8380832282471626,0.9178712825706656,0.40723601177955404,0.46835688020127736,0.7789642684420579,0.38717564796182696,19938,3852,1784,1936
ensemble_lgbm_w0p500_global,Ensemble LGBM(0.50) + XGB(0.50),ensemble_lgbm_w0p500_score,global,best_f1,test,0.353894,infrastructure,27510,3596,0.1307161032351872,6597,0.23980370774263904,0.7625227190112687,0.654779738631468,0.2773988176443838,0.5088987764182424,0.8006607008446935,0.9155549179935925,0.3590699499656627,0.4361088603975025,0.7420742946801493,0.2816575756998408,19147,4767,1766,1830
ensemble_lgbm_w0p500_global,Ensemble LGBM(0.50) + XGB(0.50),ensemble_lgbm_w0p500_score,global,best_f1,test,0.353894,noise,27510,3982,0.14474736459469284,7149,0.2598691384950927,0.7765539803707743,0.7139408983574675,0.34858022100993147,0.6258161727774988,0.8020656239374363,0.9268208830607534,0.44775851226304914,0.5399315335615548,0.8002538219847184,0.4148054677890734,18871,4657,1490,2492
ensemble_lgbm_w0p500_global,Ensemble LGBM(0.50) + XGB(0.50),ensemble_lgbm_w0p500_score,global,best_f1,test,0.353894,other,27510,3620,0.13158851326790258,5721,0.2079607415485278,0.7854234823700472,0.6536720442914,0.3004719454640797,0.4748618784530387,0.8324822101297614,0.912754141998256,0.36805481211861685,0.425473986436315,0.7548985682536672,0.31741776609966876,19888,4002,1901,1719
ensemble_lgbm_w0p500_global,Ensemble LGBM(0.50) + XGB(0.50),ensemble_lgbm_w0p500_score,global,best_f1,test,0.353894,parking_traffic,27510,3586,0.13035259905488913,5777,0.209996364958197,0.7849872773536896,0.6556735178222393,0.2984247879522243,0.4807585052983826,0.8305885303460959,0.914323839322689,0.36825803695396775,0.4284081308086079,0.7471565819182198,0.3161654095025637,19871,4053,1862,1724
ensemble_lgbm_w0p500_global,Ensemble LGBM(0.50) + XGB(0.50),ensemble_lgbm_w0p500_score,global,best_f1,test,0.353894,public_safety,27510,3536,0.12853507815339876,5734,0.2084332969829153,0.7976008724100327,0.6807528598100431,0.3228113010115103,0.5234728506787331,0.8380328689413531,0.9226212343864806,0.39935275080906146,0.4655900996076064,0.7845235076498787,0.3225481652957052,20091,3883,1685,1851
ensemble_lgbm_w0p500_global,Ensemble LGBM(0.50) + XGB(0.50),ensemble_lgbm_w0p500_score,global,best_f1,test,0.353894,sanitation,27510,3172,0.1153035259905489,4896,0.17797164667393675,0.8,0.628012844433331,0.26205065359477125,0.4044766708701135,0.8515490179965486,0.91646767489166,0.3180466038671294,0.36482029117379433,0.7320370912299947,0.2511130908189192,20725,3613,1889,1283
ensemble_lgbm_w0p500_global,Ensemble LGBM(0.50) + XGB(0.50),ensemble_lgbm_w0p500_score,global,best_f1,test,0.353894,water_sewer,27510,3462,0.12584514721919302,6163,0.22402762631770265,0.7892039258451472,0.6879204473779189,0.3104007788414733,0.5525707683419988,0.823270126413839,0.9274371106010212,0.39750649350649353,0.47798710709109987,0.7797369107346639,0.35950351174729367,19798,4250,1549,1913
ensemble_lgbm_w0p500_per_category,Ensemble LGBM(0.50) + XGB(0.50),ensemble_lgbm_w0p500_score,per_category,best_f1,validation,,environment,13624,1495,0.10973282442748092,3223,0.2365678214914856,0.7745155607751028,0.6763144027788233,0.25535215637604713,0.5505016722408027,0.8021271333168439,0.9353908278050187,0.34887664264518864,0.44713680321634247,0.760040103999067,0.2790656921872101,9729,2400,672,823
ensemble_lgbm_w0p500_per_category,Ensemble LGBM(0.50) + XGB(0.50),ensemble_lgbm_w0p500_score,per_category,best_f1,validation,,housing,13624,1626,0.11934820904286553,2887,0.21190546095126248,0.795728126834997,0.6817261158942645,0.29961898164184275,0.531980319803198,0.8314719119853309,0.9291235913197355,0.38333702636826944,0.46054733255244384,0.7787063526577923,0.3694693321365525,9976,2022,761,865
ensemble_lgbm_w0p500_per_category,Ensemble LGBM(0.50) + XGB(0.50),ensemble_lgbm_w0p500_score,per_category,best_f1,validation,,infrastructure,13624,1734,0.12727539635936583,3424,0.25132119788608337,0.7552847915443335,0.6573407911623561,0.26635514018691586,0.5259515570934256,0.7887300252312868,0.9194117647058824,0.35362543621558745,0.44015444015444016,0.7313292842986895,0.28214419590626405,9378,2512,822,912
ensemble_lgbm_w0p500_per_category,Ensemble LGBM(0.50) + XGB(0.50),ensemble_lgbm_w0p500_score,per_category,best_f1,validation,,noise,13624,1884,0.138285378743394,2820,0.20698766881972988,0.7944803288314739,0.6730968579664854,0.3375886524822695,0.505307855626327,0.8408858603066439,0.9137356534616808,0.40476190476190477,0.45963692545384316,0.76298860303027,0.34187926879304514,9872,1868,932,952
ensemble_lgbm_w0p500_per_category,Ensemble LGBM(0.50) + XGB(0.50),ensemble_lgbm_w0p500_score,per_category,best_f1,validation,,other,13624,1802,0.13226658837345862,3857,0.28310334703464474,0.7434674104521433,0.6828560476517098,0.28052890847809175,0.6004439511653719,0.7652681441380477,0.9262823794409747,0.38239971726453437,0.48892905558065974,0.7576555946127265,0.31641362046601423,9047,2775,720,1082
ensemble_lgbm_w0p500_per_category,Ensemble LGBM(0.50) + XGB(0.50),ensemble_lgbm_w0p500_score,per_category,best_f1,validation,,parking_traffic,13624,1884,0.138285378743394,3031,0.22247504403992954,0.7751761597181445,0.6561029488890577,0.30550973276146487,0.49150743099787686,0.8206984667802385,0.9095629189087133,0.3768056968463886,0.43815652503075614,0.7374297862028305,0.31433691279368364,9635,2105,958,926
ensemble_lgbm_w0p500_per_category,Ensemble LGBM(0.50) + XGB(0.50),ensemble_lgbm_w0p500_score,per_category,best_f1,validation,,public_safety,13624,1839,0.13498238402818555,2954,0.21682325308279507,0.7902965355255431,0.6789268623098782,0.3276912660798917,0.5263730288200109,0.8314806957997455,0.9183692596063731,0.4039223868141039,0.469447138700291,0.7752196493132002,0.3206724588368316,9799,1986,871,968
ensemble_lgbm_w0p500_per_category,Ensemble LGBM(0.50) + XGB(0.50),ensemble_lgbm_w0p500_score,per_category,best_f1,validation,,sanitation,13624,1651,0.12118320610687022,3223,0.2365678214914856,0.7684967704051674,0.6617678490514418,0.2668321439652498,0.5208964264082374,0.8026392716946463,0.9239496202288241,0.3528929011079196,0.4375699603134222,0.7464761592849002,0.2749453707792391,9610,2363,791,860
ensemble_lgbm_w0p500_per_category,Ensemble LGBM(0.50) + XGB(0.50),ensemble_lgbm_w0p500_score,per_category,best_f1,validation,,water_sewer,13624,1659,0.12177040516735173,2648,0.19436288901937757,0.8074721080446271,0.6782972085299019,0.31797583081570996,0.5075346594333936,0.8490597576264104,0.9255648688046647,0.3909914093336429,0.45346833261525205,0.7858500292318338,0.35198461053437785,10159,1806,817,842
ensemble_lgbm_w0p500_per_category,Ensemble LGBM(0.50) + XGB(0.50),ensemble_lgbm_w0p500_score,per_category,best_f1,test,,environment,27510,2896,0.10527081061432206,6442,0.2341693929480189,0.7814612868047982,0.6900412675578333,0.25814964296802234,0.5742403314917127,0.8058422036239539,0.9414752230871464,0.3561790533304776,0.4612781537778764,0.7822987058301725,0.2989761929586065,19835,4779,1233,1663
ensemble_lgbm_w0p500_per_category,Ensemble LGBM(0.50) + XGB(0.50),ensemble_lgbm_w0p500_score,per_category,best_f1,test,,housing,27510,3720,0.13522355507088332,6160,0.22391857506361323,0.7863322428207924,0.6815409361482867,0.3248376623376623,0.5379032258064517,0.8251786464901218,0.9194847775175644,0.40506072874493926,0.4755228136882129,0.7789642684420579,0.38717564796182696,19631,4159,1719,2001
ensemble_lgbm_w0p500_per_category,Ensemble LGBM(0.50) + XGB(0.50),ensemble_lgbm_w0p500_score,per_category,best_f1,test,,infrastructure,27510,3596,0.1307161032351872,6717,0.24416575790621592,0.7597600872410033,0.6557896840765058,0.27571832663391393,0.5150166852057843,0.7965626829472275,0.9161256191987688,0.35915834383787454,0.4388417610539785,0.7420742946801493,0.2816575756998408,19049,4865,1744,1852
ensemble_lgbm_w0p500_per_category,Ensemble LGBM(0.50) + XGB(0.50),ensemble_lgbm_w0p500_score,per_category,best_f1,test,,noise,27510,3982,0.14474736459469284,6128,0.2227553616866594,0.7968011632133769,0.7015770644882591,0.368798955613577,0.5675539929683576,0.8356001360081605,0.9194649705359649,0.44708209693372897,0.5123322451940515,0.8002538219847184,0.4148054677890734,19660,3868,1722,2260
ensemble_lgbm_w0p500_per_category,Ensemble LGBM(0.50) + XGB(0.50),ensemble_lgbm_w0p500_score,per_category,best_f1,test,,other,27510,3620,0.13158851326790258,7053,0.2563794983642312,0.7559796437659033,0.6673065315476783,0.2807316035729477,0.5469613259668509,0.7876517371285057,0.9198318424011341,0.371029701114963,0.45975943900060373,0.7548985682536672,0.31741776609966876,18817,5073,1640,1980
ensemble_lgbm_w0p500_per_category,Ensemble LGBM(0.50) + XGB(0.50),ensemble_lgbm_w0p500_score,per_category,best_f1,test,,parking_traffic,27510,3586,0.13035259905488913,5915,0.21501272264631044,0.7821519447473646,0.6575993038188508,0.29653423499577347,0.4891243725599554,0.8260742350777462,0.9151655475804584,0.36922429217977054,0.4328940224097932,0.7471565819182198,0.3161654095025637,19763,4161,1832,1754
ensemble_lgbm_w0p500_per_category,Ensemble LGBM(0.50) + XGB(0.50),ensemble_lgbm_w0p500_score,per_category,best_f1,test,,public_safety,27510,3536,0.12853507815339876,5651,0.2054162122864413,0.7994547437295529,0.6798877634971823,0.32472128826756325,0.518947963800905,0.8408275631934595,0.9221830824831877,0.3994775225862632,0.4635008840616317,0.7845235076498787,0.3225481652957052,20158,3816,1701,1835
ensemble_lgbm_w0p500_per_category,Ensemble LGBM(0.50) + XGB(0.50),ensemble_lgbm_w0p500_score,per_category,best_f1,test,,sanitation,27510,3172,0.1153035259905489,5524,0.20079970919665577,0.786041439476554,0.636848347002912,0.2543446777697321,0.44293820933165196,0.8307584846741721,0.9196306740653143,0.32313707451701934,0.3857346804304854,0.7320370912299947,0.2511130908189192,20219,4119,1767,1405
ensemble_lgbm_w0p500_per_category,Ensemble LGBM(0.50) + XGB(0.50),ensemble_lgbm_w0p500_score,per_category,best_f1,test,,water_sewer,27510,3462,0.12584514721919302,5333,0.19385677935296255,0.8071610323518721,0.6774211542253448,0.32720795049690604,0.5040439052570769,0.8507984031936128,0.9225774451007801,0.39681637293917,0.45487722225118604,0.7797369107346639,0.35950351174729367,20460,3588,1717,1745
